[
    {
        "dataSetId": 1,
        "dataSet": "Nova Labs Schedule",
        "description": "Meetings, classes, and events from Meetup",
        "userId": 1,
        "lastDataEdit": "1564329802",
        "owner": "xibo_admin",
        "groupsWithPermissions": "Everyone,Nova Lab Administrators,System Notifications,Users,xibo_admin,event_editor_client",
        "code": "novalabsschedule",
        "isLookup": 0,
        "isRemote": 0,
        "method": null,
        "uri": null,
        "postData": null,
        "authentication": null,
        "username": null,
        "password": null,
        "refreshRate": "86400",
        "clearRate": "0",
        "runsAfter": null,
        "lastSync": "0",
        "lastClear": "0",
        "dataRoot": null,
        "summarize": null,
        "summarizeField": null,
        "columns": [
            {
                "dataSetColumnId": 1,
                "dataSetId": 1,
                "heading": "Name",
                "dataTypeId": 1,
                "dataSetColumnTypeId": 1,
                "listContent": null,
                "columnOrder": "1",
                "formula": null,
                "dataType": "String",
                "remoteField": null,
                "showFilter": 1,
                "showSort": 1,
                "dataSetColumnType": "Value"
            },
            {
                "dataSetColumnId": 2,
                "dataSetId": 1,
                "heading": "Location",
                "dataTypeId": 1,
                "dataSetColumnTypeId": 1,
                "listContent": null,
                "columnOrder": "2",
                "formula": null,
                "dataType": "String",
                "remoteField": null,
                "showFilter": 1,
                "showSort": 1,
                "dataSetColumnType": "Value"
            },
            {
                "dataSetColumnId": 3,
                "dataSetId": 1,
                "heading": "Meetup ID",
                "dataTypeId": 1,
                "dataSetColumnTypeId": 1,
                "listContent": null,
                "columnOrder": "3",
                "formula": null,
                "dataType": "String",
                "remoteField": null,
                "showFilter": 1,
                "showSort": 1,
                "dataSetColumnType": "Value"
            },
            {
                "dataSetColumnId": 4,
                "dataSetId": 1,
                "heading": "ISO Start Time",
                "dataTypeId": 1,
                "dataSetColumnTypeId": 1,
                "listContent": null,
                "columnOrder": "4",
                "formula": null,
                "dataType": "String",
                "remoteField": null,
                "showFilter": 1,
                "showSort": 1,
                "dataSetColumnType": "Value"
            },
            {
                "dataSetColumnId": 5,
                "dataSetId": 1,
                "heading": "ISO End Time",
                "dataTypeId": 1,
                "dataSetColumnTypeId": 1,
                "listContent": null,
                "columnOrder": "5",
                "formula": null,
                "dataType": "String",
                "remoteField": null,
                "showFilter": 1,
                "showSort": 1,
                "dataSetColumnType": "Value"
            },
            {
                "dataSetColumnId": 6,
                "dataSetId": 1,
                "heading": "Start Time",
                "dataTypeId": 1,
                "dataSetColumnTypeId": 2,
                "listContent": null,
                "columnOrder": "6",
                "formula": "DATE_FORMAT(`ISO Start Time`, \"%l:%i %p\")",
                "dataType": "String",
                "remoteField": null,
                "showFilter": 1,
                "showSort": 1,
                "dataSetColumnType": "Formula"
            },
            {
                "dataSetColumnId": 17,
                "dataSetId": 1,
                "heading": "Days Till Start",
                "dataTypeId": 1,
                "dataSetColumnTypeId": 2,
                "listContent": null,
                "columnOrder": "7",
                "formula": "DATEDIFF(`ISO Start Time`, NOW())",
                "dataType": "String",
                "remoteField": null,
                "showFilter": 1,
                "showSort": 1,
                "dataSetColumnType": "Formula"
            },
            {
                "dataSetColumnId": 18,
                "dataSetId": 1,
                "heading": "Minutes Past End",
                "dataTypeId": 1,
                "dataSetColumnTypeId": 2,
                "listContent": null,
                "columnOrder": "8",
                "formula": "TIMESTAMPDIFF(MINUTE, `ISO End Time`, NOW())",
                "dataType": "String",
                "remoteField": null,
                "showFilter": 1,
                "showSort": 1,
                "dataSetColumnType": "Formula"
            },
            {
                "dataSetColumnId": 56,
                "dataSetId": 1,
                "heading": "Day Name or Date",
                "dataTypeId": 1,
                "dataSetColumnTypeId": 2,
                "listContent": null,
                "columnOrder": "9",
                "formula": "IF(DATEDIFF(`ISO Start Time`, NOW()) = 0, 'Today', IF(DATEDIFF(`ISO Start Time`, NOW()) BETWEEN 1 AND 5, DATE_FORMAT(`ISO Start Time`, '%W'), DATE_FORMAT(`ISO Start Time`, '%M %e')))",
                "dataType": "String",
                "remoteField": null,
                "showFilter": 0,
                "showSort": 0,
                "dataSetColumnType": "Formula"
            },
            {
                "dataSetColumnId": 60,
                "dataSetId": 1,
                "heading": "Compact Start Time",
                "dataTypeId": 1,
                "dataSetColumnTypeId": 2,
                "listContent": null,
                "columnOrder": "10",
                "formula": "IF(TIME(`ISO Start Time`) = '12:00:00.000000', 'Noon', IF(TIME(`ISO Start Time`) = '00:00:00.000000', 'Midnight', IF(MINUTE(`ISO Start Time`) = 0 AND MINUTE(`ISO End Time`) = 0, IF((HOUR(`ISO Start Time`) < 12) XOR (HOUR(`ISO End Time`) < 12), DATE_FORMAT(`ISO Start Time`, '%l %p'), DATE_FORMAT(`ISO Start Time`, '%l')), IF((HOUR(`ISO Start Time`) < 12) XOR (HOUR(`ISO End Time`) < 12), DATE_FORMAT(`ISO Start Time`, '%l:%i %p'), DATE_FORMAT(`ISO Start Time`, '%l:%i')))))",
                "dataType": "String",
                "remoteField": null,
                "showFilter": 0,
                "showSort": 0,
                "dataSetColumnType": "Formula"
            },
            {
                "dataSetColumnId": 61,
                "dataSetId": 1,
                "heading": "Compact End Time",
                "dataTypeId": 1,
                "dataSetColumnTypeId": 2,
                "listContent": null,
                "columnOrder": "11",
                "formula": "IF(TIME(`ISO End Time`) = '12:00:00.000000', 'Noon', IF(TIME(`ISO End Time`) = '00:00:00.000000', 'Midnight', IF(MINUTE(`ISO Start Time`) = 0 AND MINUTE(`ISO End Time`) = 0, DATE_FORMAT(`ISO End Time`, '%l %p'), DATE_FORMAT(`ISO End Time`, '%l:%i %p'))))",
                "dataType": "String",
                "remoteField": null,
                "showFilter": 0,
                "showSort": 0,
                "dataSetColumnType": "Formula"
            },
            {
                "dataSetColumnId": 62,
                "dataSetId": 1,
                "heading": "Month and Day",
                "dataTypeId": 1,
                "dataSetColumnTypeId": 2,
                "listContent": null,
                "columnOrder": "12",
                "formula": "DATE_FORMAT(`ISO Start Time`, '%M %e')",
                "dataType": "String",
                "remoteField": null,
                "showFilter": 0,
                "showSort": 0,
                "dataSetColumnType": "Formula"
            },
            {
                "dataSetColumnId": 64,
                "dataSetId": 1,
                "heading": "Past Day",
                "dataTypeId": 1,
                "dataSetColumnTypeId": 2,
                "listContent": null,
                "columnOrder": "13",
                "formula": "if(DATEDIFF(`ISO Start Time`, NOW()) < 0, 'pastday', '')",
                "dataType": "String",
                "remoteField": null,
                "showFilter": 0,
                "showSort": 0,
                "dataSetColumnType": "Formula"
            },
            {
                "dataSetColumnId": 65,
                "dataSetId": 1,
                "heading": "Cancelled",
                "dataTypeId": 1,
                "dataSetColumnTypeId": 2,
                "listContent": null,
                "columnOrder": "14",
                "formula": "if(`Location` = 'Cancelled', 'cancelled', '')",
                "dataType": "String",
                "remoteField": null,
                "showFilter": 0,
                "showSort": 0,
                "dataSetColumnType": "Formula"
            }
        ]
    }
]