<?xml version="1.0"?>
<layout width="1920" height="1080" bgcolor="#000000" schemaVersion="3"><region id="472" width="1920.0000" height="822.0000" top="258.0000" left="0.0000"><options><loop>0</loop><transitionDirection>N</transitionDirection><transitionDuration/><transitionType/></options><media id="531" type="ticker" render="native" duration="15" useDuration="1"><options><dataSetId>1</dataSetId><disableDateSort>0</disableDateSort><durationIsPerItem>1</durationIsPerItem><effect>fade</effect><filter>`Days Till Start` = 0 AND `Minutes Past End` &lt; 70</filter><filterClauses>[{"filterClause":"Days Till Start","filterClauseOperator":"AND","filterClauseCriteria":"equals","filterClauseValue":"0"}]</filterClauses><itemsPerPage>4</itemsPerPage><itemsSideBySide>0</itemsSideBySide><lowerLimit>0</lowerLimit><name>Event Schedule</name><orderClauses>[{"orderClause":"ISO Start Time","orderClauseDirection":"ASC"},{"orderClause":"Name","orderClauseDirection":"ASC"}]</orderClauses><overrideTemplate>0</overrideTemplate><randomiseItems>0</randomiseItems><reverseOrder>0</reverseOrder><sourceId>2</sourceId><speed>2</speed><updateInterval>5</updateInterval><upperLimit>0</upperLimit><useFilteringClause>1</useFilteringClause><useOrderingClause>0</useOrderingClause><xmds>1</xmds></options><raw><css><![CDATA[/* Clear floats after the columns */
.nova-labs-event:after {
    content: "";
    display: table;
    clear: both;
}

.event-time {
    float: left;
    width: 17%;
}

.start-time {
    margin-left: 2em;
}

.event-details {
    float: left;
    width: 83%;
    margin-bottom: 3em;
}

.event-name {
    font-size: 60px;
    font-weight: bold;
    color: #ffffff;
}

.event-location {
    font-size:48px;
    color: #dddddd;
}

.cancelled {
    text-decoration: line-through;
}]]></css><noDataMessage><![CDATA[<p style="text-align: center;"><span style="color:#FFFFFF;"><span style="font-size:61px;"><span style="background-color:#000000;">Today&#39;s activities have concluded.</span></span></span></p>
]]></noDataMessage><template><![CDATA[<div class="nova-labs-event">
<div class="event-time">
<div class="start-time"><span style="font-size:60px;"><span style="color: #ffffff;">[Start Time|6]</span></span></div>
</div>

<div class="event-details">
<div class="event-name [Cancelled|65]">[Name|1]</div>

<div class="event-location [Cancelled|65]">[Location|2]</div>
</div>
</div>]]></template></raw></media></region><region id="474" width="900.0000" height="90.0000" top="72.0000" left="510.0000"><options><loop>0</loop><transitionDirection>N</transitionDirection><transitionDuration/><transitionType/></options><media id="533" type="text" render="native" duration="1" useDuration="0"><options><effect>none</effect><xmds>1</xmds></options><raw><text><![CDATA[<p style="text-align: center;"><span style="font-size:72px;"><strong><span style="color: #ffffff;">Today&#39;s Activities</span></strong></span></p>
]]></text></raw></media></region><tags><tag>imported</tag></tags></layout>
